{
    "Europe/Lisbon": [
        38.7077507,
        -9.1365919
    ],
    "America/Chicago": [
        41.8755616,
        -87.6244212
    ],
    "America/New_York": [
        40.7127281,
        -74.0060152
    ],
    "Asia/Calcutta": [
        22.5726459,
        88.3638953
    ],
    "America/Denver": [
        39.7392364,
        -104.984862
    ],
    "Asia/Katmandu": [
        27.708317,
        85.3205817
    ],
    "Asia/Tehran": [
        35.6892523,
        51.3896004
    ],
    "Pacific/Auckland": [
        -36.852095,
        174.7631803
    ],
    "Asia/Singapore": [
        1.357107,
        103.8194992
    ],
    "Asia/Manila": [
        14.5904492,
        120.9803621
    ],
    "Europe/Amsterdam": [
        52.3730796,
        4.8924534
    ],
    "Europe/Berlin": [
        52.510885,
        13.3989367
    ],
    "Europe/Madrid": [
        40.4167047,
        -3.7035825
    ],
    "Europe/London": [
        51.5074456,
        -0.1277653
    ],
    "America/Toronto": [
        43.6534817,
        -79.3839347
    ],
    "Europe/Bucharest": [
        44.4361414,
        26.1027202
    ],
    "Europe/Stockholm": [
        59.3251172,
        18.0710935
    ],
    "America/Los_Angeles": [
        34.0536909,
        -118.242766
    ],
    "Africa/Accra": [
        5.5571096,
        -0.2012376
    ],
    "Europe/Moscow": [
        55.625578,
        37.6063916
    ],
    "Asia/Tokyo": [
        35.6768601,
        139.7638947
    ],
    "Africa/Lagos": [
        6.4550575,
        3.3941795
    ],
    "Asia/Karachi": [
        24.8546842,
        67.0207055
    ],
    "Asia/Kolkata": [
        22.5726459,
        88.3638953
    ],
    "Europe/Paris": [
        48.8534951,
        2.3483915
    ],
    "Europe/Minsk": [
        53.9024716,
        27.5618225
    ],
    "Asia/Kuwait": [
        29.3796532,
        47.9734174
    ],
    "Africa/Addis_Ababa": [
        9.0358287,
        38.7524127
    ],
    "Europe/Istanbul": [
        41.006381,
        28.9758715
    ],
    "America/Vancouver": [
        49.2608724,
        -123.113952
    ],
    "Europe/Budapest": [
        47.4978789,
        19.0402383
    ],
    "America/Buenos_Aires": [
        -34.6083696,
        -58.4440583
    ],
    "Europe/Bratislava": [
        48.1516988,
        17.1093063
    ],
    "Africa/Nairobi": [
        -1.3026148,
        36.828842
    ],
    "Africa/Tunis": [
        36.8002068,
        10.1857757
    ],
    "Europe/Skopje": [
        41.9961816,
        21.4319213
    ],
    "Africa/Cairo": [
        30.0443879,
        31.2357257
    ],
    "Europe/Rome": [
        41.8933203,
        12.4829321
    ],
    "America/Halifax": [
        44.648618,
        -63.5859487
    ],
    "Asia/Amman": [
        31.9515694,
        35.9239625
    ],
    "Australia/Sydney": [
        -33.8698439,
        151.2082848
    ],
    "Australia/Perth": [
        -31.9558933,
        115.8605855
    ],
    "Europe/Tallinn": [
        59.4372155,
        24.7453688
    ],
    "Asia/Saigon": [
        10.7763897,
        106.7011391
    ],
    "Europe/Prague": [
        50.0874654,
        14.4212535
    ],
    "Europe/Dublin": [
        53.3493795,
        -6.2605593
    ],
    "Europe/Brussels": [
        50.8465573,
        4.351697
    ],
    "America/Sao_Paulo": [
        -23.5506507,
        -46.6333824
    ],
    "Europe/Vienna": [
        48.2083537,
        16.3725042
    ],
    "Asia/Riyadh": [
        18.0107143,
        -15.955326
    ],
    "America/Edmonton": [
        53.5462055,
        -113.491241
    ],
    "Pacific/Guam": [
        13.4499943,
        144.7651677
    ],
    "Europe/Vilnius": [
        54.6870458,
        25.2829111
    ],
    "Australia/Brisbane": [
        -27.4689682,
        153.0234991
    ]
}